{
    "acc": 0.6707317073170732,
    "precision": 0.6060606060606061,
    "recall": 0.32786885245901637,
    "f1_score": 0.425531914893617
}